-- insert into student

-- delete from student where true;

insert into student (id, `name`, `password`) values
	('2020A7PS0081P', 'Rohan Srinivasan', 'rohan123'),
	('2020A7PS0141P', 'Abhirath Anand', 'abhi123'),
	('2020A7PS0021P', 'Samriddha Sinha', 'sammy123'),
	('2020A7B30091P', 'Srijan Shashwat', 'srijan123'),
	('2020A7PS0013P', 'Kaustab Chaudhary', 'kc123');

-- insert into question

delete from question where true;

insert into question (qid, marks, qstring) values
	(1, 1, 'q1'),
	(2, 2, 'q2'),
	(3, 3, 'q3'),
	(4, 4, 'q4'),
	(5, 5, 'q5'),
	(6, 6, 'q6'),
	(7, 7, 'q7'),
	(8, 8, 'q8'),
	(9, 9, 'q9'),
	(10, 10, 'q10'),
	(11, 11, 'q11'),
	(12, 12, 'q12'),
	(13, 13, 'q13'),
	(14, 14, 'q14'),
	(15, 15, 'q15'),
	(16, 16, 'q16'),
	(17, 17, 'q17'),
	(18, 18, 'q18'),
	(19, 19, 'q19'),
	(20, 20, 'q20'),
	(21, 21, 'q21'),
	(22, 22, 'q22');
    
-- select * from question;

-- insert into option_choices

-- delete from option_choices where true;

insert into option_choices (qid, oid) values
	(1, 1), (1, 2), (1, 3), (1, 4),
	(2, 1), (2, 2), (2, 3), (2, 4),
	(3, 1), (3, 2), (3, 3), (3, 4),
	(4, 1), (4, 2), (4, 3), (4, 4),
	(5, 1), (5, 2), (5, 3), (5, 4),
	(6, 1), (6, 2), (6, 3), (6, 4),
	(7, 1), (7, 2), (7, 3), (7, 4),
	(8, 1), (8, 2), (8, 3), (8, 4),
	(9, 1), (9, 2), (9, 3), (9, 4),
	(10, 1), (10, 2), (10, 3), (10, 4),
	(11, 1), (11, 2), (11, 3), (11, 4),
	(12, 1), (12, 2), (12, 3), (12, 4),
	(13, 1), (13, 2), (13, 3), (13, 4),
	(14, 1), (14, 2), (14, 3), (14, 4),
	(15, 1), (15, 2), (15, 3), (15, 4),
	(16, 1), (16, 2), (16, 3), (16, 4),
	(17, 1), (17, 2), (17, 3), (17, 4),
	(18, 1), (18, 2), (18, 3), (18, 4),
	(19, 1), (19, 2), (19, 3), (19, 4),
	(20, 1), (20, 2), (20, 3), (20, 4),
	(21, 1), (21, 2), (21, 3), (21, 4),
	(22, 1), (22, 2), (22, 3), (22, 4);

    
-- insert into assign

-- delete from assign where true;

insert into assign (id, qid, attempted_option) values
	('2020A7PS0141P', 1, 1),
	('2020A7PS0141P', 2, 1),
	('2020A7PS0141P', 3, 1),
	('2020A7PS0141P', 4, 1),
	('2020A7PS0141P', 5, 1),
	('2020A7PS0141P', 6, 1),
	('2020A7PS0141P', 7, 1),
	('2020A7PS0141P', 8, 1),
	('2020A7PS0141P', 9, 1),
	('2020A7PS0141P', 10, 1),
    ('2020A7PS0081P', 1, 2),
	('2020A7PS0081P', 2, 2),
	('2020A7PS0081P', 3, 2),
	('2020A7PS0081P', 4, 2),
	('2020A7PS0081P', 5, 2),
	('2020A7PS0081P', 6, 2),
	('2020A7PS0081P', 7, 2),
	('2020A7PS0081P', 8, 2),
	('2020A7PS0081P', 9, 2),
	('2020A7PS0081P', 10, 2),
    ('2020A7PS0021P', 11, 3),
	('2020A7PS0021P', 12, 3),
	('2020A7PS0021P', 13, 3),
	('2020A7PS0021P', 14, 3),
	('2020A7PS0021P', 15, 3),
	('2020A7PS0021P', 16, 3),
	('2020A7PS0021P', 17, 3),
	('2020A7PS0021P', 18, 3),
	('2020A7PS0021P', 19, 3),
	('2020A7PS0021P', 20, 3),
    ('2020A7B30091P', 6, 4),
	('2020A7B30091P', 7, 4),
	('2020A7B30091P', 8, 4),
	('2020A7B30091P', 9, 4),
	('2020A7B30091P', 10, 4),
	('2020A7B30091P', 11, 4),
	('2020A7B30091P', 12, 4),
	('2020A7B30091P', 13, 4),
	('2020A7B30091P', 14, 4),
	('2020A7B30091P', 15, 4);
	
-- insert into correct_options

insert into correct_option values
	(1, 1),
	(2, 2),
	(3, 3),
	(4, 4),
	(5, 1),
	(6, 2),
	(7, 3),
	(8, 4),
	(9, 1),
	(10, 2),
	(11, 3),
	(12, 4),
	(13, 1),
	(14, 2),
	(15, 3),
	(16, 4),
	(17, 1),
	(18, 2),
	(19, 3),
	(20, 4),
	(21, 1),
	(22, 2);
	
    

